{"cameraMode":{"drawMode":0,"name":"Shaded","section":"Shading Mode"},"sceneLighting":false,"audioPlay":false,"sceneViewState":{"m_AlwaysRefresh":false,"showFog":true,"showSkybox":false,"showFlares":true,"showImageEffects":true,"showParticleSystems":true,"showVisualEffectGraphs":true,"m_FxEnabled":true},"in2DMode":false,"pivot":{"x":-0.09159088134765625,"y":-14.71656322479248,"z":11.153335571289063},"rotation":{"x":-0.06838233768939972,"y":0.9276254177093506,"z":-0.21114887297153474,"w":-0.30041930079460146},"size":81.06349182128906,"orthographic":false}