{"cameraMode":{"drawMode":0,"name":"Shaded","section":"Shading Mode"},"sceneLighting":false,"audioPlay":false,"sceneViewState":{"m_AlwaysRefresh":false,"showFog":true,"showSkybox":false,"showFlares":true,"showImageEffects":true,"showParticleSystems":true,"showVisualEffectGraphs":true,"m_FxEnabled":true},"in2DMode":false,"pivot":{"x":-3.7472543716430666,"y":3.3890511989593508,"z":-3.762788772583008},"rotation":{"x":-0.042857684195041659,"y":-0.9566866159439087,"z":0.18777117133140565,"w":-0.21834765374660493},"size":6.583536624908447,"orthographic":false}