{"cameraMode":{"drawMode":0,"name":"Shaded","section":"Shading Mode"},"sceneLighting":false,"audioPlay":false,"sceneViewState":{"m_AlwaysRefresh":false,"showFog":true,"showSkybox":false,"showFlares":true,"showImageEffects":true,"showParticleSystems":true,"showVisualEffectGraphs":true,"m_FxEnabled":true},"in2DMode":false,"pivot":{"x":-12.872931480407715,"y":-15.671455383300782,"z":8.179750442504883},"rotation":{"x":-0.06838233768939972,"y":0.9276254177093506,"z":-0.21114887297153474,"w":-0.30041930079460146},"size":38.657859802246097,"orthographic":false}