{"cameraMode":{"drawMode":0,"name":"Shaded","section":"Shading Mode"},"sceneLighting":false,"audioPlay":false,"sceneViewState":{"m_AlwaysRefresh":false,"showFog":true,"showSkybox":false,"showFlares":true,"showImageEffects":true,"showParticleSystems":true,"showVisualEffectGraphs":true,"m_FxEnabled":true},"in2DMode":false,"pivot":{"x":0.010099291801452637,"y":1.2193984985351563,"z":-0.15397977828979493},"rotation":{"x":-0.13692660629749299,"y":0.8220603466033936,"z":-0.22248394787311555,"w":-0.5059332251548767},"size":2.614403009414673,"orthographic":false}