{"cameraMode":{"drawMode":0,"name":"Shaded","section":"Shading Mode"},"sceneLighting":false,"audioPlay":false,"sceneViewState":{"m_AlwaysRefresh":false,"showFog":true,"showSkybox":false,"showFlares":true,"showImageEffects":true,"showParticleSystems":true,"showVisualEffectGraphs":true,"m_FxEnabled":true},"in2DMode":false,"pivot":{"x":-0.2764894962310791,"y":2.4905753135681154,"z":0.14550292491912843},"rotation":{"x":-0.07111617922782898,"y":0.9288219809532166,"z":-0.2513779103755951,"w":-0.26276689767837527},"size":2.7895286083221437,"orthographic":false}