{"cameraMode":{"drawMode":0,"name":"Shaded","section":"Shading Mode"},"sceneLighting":false,"audioPlay":false,"sceneViewState":{"m_AlwaysRefresh":false,"showFog":true,"showSkybox":false,"showFlares":true,"showImageEffects":true,"showParticleSystems":true,"showVisualEffectGraphs":true,"m_FxEnabled":true},"in2DMode":false,"pivot":{"x":9.5367431640625e-7,"y":0.0064223408699035648,"z":0.0000019073486328125},"rotation":{"x":-0.37473511695861819,"y":-0.4756554067134857,"z":0.23436729609966279,"w":-0.7605369091033936},"size":8.532505989074707,"orthographic":false}