{"cameraMode":{"drawMode":0,"name":"Shaded","section":"Shading Mode"},"sceneLighting":false,"audioPlay":false,"sceneViewState":{"m_AlwaysRefresh":false,"showFog":true,"showSkybox":false,"showFlares":true,"showImageEffects":true,"showParticleSystems":true,"showVisualEffectGraphs":true,"m_FxEnabled":true},"in2DMode":false,"pivot":{"x":1.1920928955078126e-7,"y":0.8497445583343506,"z":-0.023014575242996217},"rotation":{"x":-0.11555019021034241,"y":-0.005367639474570751,"z":0.0006224741810001433,"w":-0.9932952523231506},"size":1.4222543239593506,"orthographic":false}