{"cameraMode":{"drawMode":0,"name":"Shaded","section":"Shading Mode"},"sceneLighting":false,"audioPlay":false,"sceneViewState":{"m_AlwaysRefresh":false,"showFog":true,"showSkybox":false,"showFlares":true,"showImageEffects":true,"showParticleSystems":true,"showVisualEffectGraphs":true,"m_FxEnabled":true},"in2DMode":false,"pivot":{"x":-0.3071814477443695,"y":1.8097105026245118,"z":-0.07188772410154343},"rotation":{"x":-0.02553994581103325,"y":0.9744583368301392,"z":-0.15656787157058717,"w":-0.15895695984363557},"size":2.0616912841796877,"orthographic":false}