{"cameraMode":{"drawMode":0,"name":"Shaded","section":"Shading Mode"},"sceneLighting":false,"audioPlay":false,"sceneViewState":{"m_AlwaysRefresh":false,"showFog":true,"showSkybox":false,"showFlares":true,"showImageEffects":true,"showParticleSystems":true,"showVisualEffectGraphs":true,"m_FxEnabled":true},"in2DMode":false,"pivot":{"x":-0.19905073940753938,"y":-0.47590675950050356,"z":2.1054532527923586},"rotation":{"x":-0.04938039183616638,"y":0.8830876350402832,"z":-0.45672979950904848,"w":-0.09547721594572067},"size":2.305349588394165,"orthographic":false}