{"cameraMode":{"drawMode":0,"name":"Shaded","section":"Shading Mode"},"sceneLighting":false,"audioPlay":false,"sceneViewState":{"m_AlwaysRefresh":false,"showFog":true,"showSkybox":false,"showFlares":true,"showImageEffects":true,"showParticleSystems":true,"showVisualEffectGraphs":true,"m_FxEnabled":true},"in2DMode":false,"pivot":{"x":-0.005661487579345703,"y":1.0120843648910523,"z":-0.8065376281738281},"rotation":{"x":-0.3303509056568146,"y":0.1871323138475418,"z":-0.06699896603822708,"w":-0.9226921796798706},"size":4.274454116821289,"orthographic":false}