{"cameraMode":{"drawMode":0,"name":"Shaded","section":"Shading Mode"},"sceneLighting":false,"audioPlay":false,"sceneViewState":{"m_AlwaysRefresh":false,"showFog":true,"showSkybox":false,"showFlares":true,"showImageEffects":true,"showParticleSystems":true,"showVisualEffectGraphs":true,"m_FxEnabled":true},"in2DMode":false,"pivot":{"x":-0.36990731954574587,"y":0.6708906292915344,"z":-0.8220539689064026},"rotation":{"x":-0.014817290008068085,"y":0.9475030899047852,"z":-0.04438488557934761,"w":-0.316306471824646},"size":2.602583885192871,"orthographic":false}