{"cameraMode":{"drawMode":0,"name":"Shaded","section":"Shading Mode"},"sceneLighting":false,"audioPlay":false,"sceneViewState":{"m_AlwaysRefresh":false,"showFog":true,"showSkybox":false,"showFlares":true,"showImageEffects":true,"showParticleSystems":true,"showVisualEffectGraphs":true,"m_FxEnabled":true},"in2DMode":false,"pivot":{"x":889.4569091796875,"y":543.6131591796875,"z":-69.03486633300781},"rotation":{"x":-0.38959500193595889,"y":-0.0066080885007977489,"z":-0.0028262012638151647,"w":0.9209927916526794},"size":183.636962890625,"orthographic":false}