{"cameraMode":{"drawMode":0,"name":"Shaded","section":"Shading Mode"},"sceneLighting":false,"audioPlay":false,"sceneViewState":{"m_AlwaysRefresh":false,"showFog":true,"showSkybox":false,"showFlares":true,"showImageEffects":true,"showParticleSystems":true,"showVisualEffectGraphs":true,"m_FxEnabled":true},"in2DMode":false,"pivot":{"x":-2.499751567840576,"y":-0.43242672085762026,"z":2.5000972747802736},"rotation":{"x":-0.4982190430164337,"y":-0.04496341571211815,"z":0.02588009089231491,"w":-0.8655129671096802},"size":3.6228411197662355,"orthographic":false}