{"cameraMode":{"drawMode":0,"name":"Shaded","section":"Shading Mode"},"sceneLighting":false,"audioPlay":false,"sceneViewState":{"m_AlwaysRefresh":false,"showFog":true,"showSkybox":false,"showFlares":true,"showImageEffects":true,"showParticleSystems":true,"showVisualEffectGraphs":true,"m_FxEnabled":true},"in2DMode":false,"pivot":{"x":-0.16405567526817323,"y":0.046234577894210818,"z":0.042791031301021579},"rotation":{"x":-0.1698993593454361,"y":0.7384868264198303,"z":-0.2022448629140854,"w":-0.6203784942626953},"size":0.3570714294910431,"orthographic":false}