{"cameraMode":{"drawMode":0,"name":"Shaded","section":"Shading Mode"},"sceneLighting":false,"audioPlay":false,"sceneViewState":{"m_AlwaysRefresh":false,"showFog":true,"showSkybox":false,"showFlares":true,"showImageEffects":true,"showParticleSystems":true,"showVisualEffectGraphs":true,"m_FxEnabled":true},"in2DMode":false,"pivot":{"x":22.534637451171876,"y":-0.7109684348106384,"z":-2.810220956802368},"rotation":{"x":0.015640445053577424,"y":-0.9720457792282105,"z":0.22432833909988404,"w":0.06777220964431763},"size":7.548954963684082,"orthographic":false}