{"cameraMode":{"drawMode":0,"name":"Shaded","section":"Shading Mode"},"sceneLighting":false,"audioPlay":false,"sceneViewState":{"m_AlwaysRefresh":false,"showFog":true,"showSkybox":false,"showFlares":true,"showImageEffects":true,"showParticleSystems":true,"showVisualEffectGraphs":true,"m_FxEnabled":true},"in2DMode":false,"pivot":{"x":0.2744470238685608,"y":-0.9804458022117615,"z":0.03342026472091675},"rotation":{"x":-0.3858976662158966,"y":-0.02297036536037922,"z":0.00961183663457632,"w":-0.9222069978713989},"size":2.124884605407715,"orthographic":false}