{"cameraMode":{"drawMode":0,"name":"Shaded","section":"Shading Mode"},"sceneLighting":false,"audioPlay":false,"sceneViewState":{"m_AlwaysRefresh":false,"showFog":true,"showSkybox":false,"showFlares":true,"showImageEffects":true,"showParticleSystems":true,"showVisualEffectGraphs":true,"m_FxEnabled":true},"in2DMode":false,"pivot":{"x":0.5550475120544434,"y":1.2891430854797364,"z":2.6651039123535158},"rotation":{"x":-0.05184222012758255,"y":0.9072245359420776,"z":-0.40059077739715578,"w":-0.11740807443857193},"size":2.7940495014190676,"orthographic":false}