{"cameraMode":{"drawMode":0,"name":"Shaded","section":"Shading Mode"},"sceneLighting":false,"audioPlay":false,"sceneViewState":{"m_AlwaysRefresh":false,"showFog":true,"showSkybox":false,"showFlares":true,"showImageEffects":true,"showParticleSystems":true,"showVisualEffectGraphs":true,"m_FxEnabled":true},"in2DMode":false,"pivot":{"x":0.000003814697265625,"y":2.234851360321045,"z":0.0000019073486328125},"rotation":{"x":-0.37099507451057436,"y":-0.6281679272651672,"z":0.4626535475254059,"w":-0.5037264227867127},"size":20.162080764770509,"orthographic":false}