{"cameraMode":{"drawMode":0,"name":"Shaded","section":"Shading Mode"},"sceneLighting":false,"audioPlay":false,"sceneViewState":{"m_AlwaysRefresh":false,"showFog":true,"showSkybox":false,"showFlares":true,"showImageEffects":true,"showParticleSystems":true,"showVisualEffectGraphs":true,"m_FxEnabled":true},"in2DMode":false,"pivot":{"x":0.8645297884941101,"y":0.11621762067079544,"z":-0.8253951072692871},"rotation":{"x":-0.0444612056016922,"y":-0.9136756658554077,"z":0.39040619134902956,"w":-0.10405135899782181},"size":2.832031488418579,"orthographic":false}