{"cameraMode":{"drawMode":0,"name":"Shaded","section":"Shading Mode"},"sceneLighting":false,"audioPlay":false,"sceneViewState":{"m_AlwaysRefresh":false,"showFog":true,"showSkybox":false,"showFlares":true,"showImageEffects":true,"showParticleSystems":true,"showVisualEffectGraphs":true,"m_FxEnabled":true},"in2DMode":false,"pivot":{"x":147.9973907470703,"y":144.8491973876953,"z":35.560211181640628},"rotation":{"x":-0.045925676822662356,"y":0.9540536999702454,"z":-0.21265336871147157,"w":-0.20604264736175538},"size":59.479835510253909,"orthographic":false}