{"cameraMode":{"drawMode":0,"name":"Shaded","section":"Shading Mode"},"sceneLighting":false,"audioPlay":false,"sceneViewState":{"m_AlwaysRefresh":false,"showFog":true,"showSkybox":false,"showFlares":true,"showImageEffects":true,"showParticleSystems":true,"showVisualEffectGraphs":true,"m_FxEnabled":true},"in2DMode":false,"pivot":{"x":2.8145973682403566,"y":-1.6493397951126099,"z":-14.656892776489258},"rotation":{"x":-0.004125823732465506,"y":-0.9910800457000732,"z":0.031535640358924869,"w":-0.12946303188800813},"size":17.688352584838868,"orthographic":false}