{"cameraMode":{"drawMode":0,"name":"Shaded","section":"Shading Mode"},"sceneLighting":false,"audioPlay":false,"sceneViewState":{"m_AlwaysRefresh":false,"showFog":true,"showSkybox":false,"showFlares":true,"showImageEffects":true,"showParticleSystems":true,"showVisualEffectGraphs":true,"m_FxEnabled":true},"in2DMode":false,"pivot":{"x":-1323.644775390625,"y":-0.4848552644252777,"z":0.000023842090740799904},"rotation":{"x":-0.15140822529792787,"y":-0.8033257126808167,"z":0.23039866983890534,"w":-0.5279129147529602},"size":2.046346426010132,"orthographic":false}