{"cameraMode":{"drawMode":0,"name":"Shaded","section":"Shading Mode"},"sceneLighting":false,"audioPlay":false,"sceneViewState":{"m_AlwaysRefresh":false,"showFog":true,"showSkybox":false,"showFlares":true,"showImageEffects":true,"showParticleSystems":true,"showVisualEffectGraphs":true,"m_FxEnabled":true},"in2DMode":false,"pivot":{"x":0.000054836273193359375,"y":-0.20561617612838746,"z":0.00701335072517395},"rotation":{"x":-0.01914915256202221,"y":-0.8404055833816528,"z":0.5408208966255188,"w":-0.02975352108478546},"size":1.3260847330093384,"orthographic":false}