{"cameraMode":{"drawMode":0,"name":"Shaded","section":"Shading Mode"},"sceneLighting":false,"audioPlay":false,"sceneViewState":{"m_AlwaysRefresh":false,"showFog":true,"showSkybox":false,"showFlares":true,"showImageEffects":true,"showParticleSystems":true,"showVisualEffectGraphs":true,"m_FxEnabled":true},"in2DMode":false,"pivot":{"x":-0.000002592802047729492,"y":-0.0029797405004501344,"z":-0.01629488915205002},"rotation":{"x":-0.0009368151659145951,"y":-0.9848420023918152,"z":0.1734270453453064,"w":-0.005308099556714296},"size":0.26969313621520998,"orthographic":false}