{"cameraMode":{"drawMode":0,"name":"Shaded","section":"Shading Mode"},"sceneLighting":false,"audioPlay":false,"sceneViewState":{"m_AlwaysRefresh":false,"showFog":true,"showSkybox":false,"showFlares":true,"showImageEffects":true,"showParticleSystems":true,"showVisualEffectGraphs":true,"m_FxEnabled":true},"in2DMode":false,"pivot":{"x":-0.0003046989440917969,"y":1.0917377471923829,"z":-0.013276159763336182},"rotation":{"x":-0.0586978979408741,"y":0.939374566078186,"z":-0.2678951919078827,"w":-0.205824077129364},"size":1.833290457725525,"orthographic":false}