{"cameraMode":{"drawMode":0,"name":"Shaded","section":"Shading Mode"},"sceneLighting":false,"audioPlay":false,"sceneViewState":{"m_AlwaysRefresh":false,"showFog":true,"showSkybox":false,"showFlares":true,"showImageEffects":true,"showParticleSystems":true,"showVisualEffectGraphs":true,"m_FxEnabled":true},"in2DMode":false,"pivot":{"x":0.08117556571960449,"y":1.1401433944702149,"z":-0.11425507068634033},"rotation":{"x":-0.054871730506420138,"y":0.9118052124977112,"z":-0.12971153855323792,"w":-0.38571810722351076},"size":2.3251633644104006,"orthographic":false}