{"cameraMode":{"drawMode":0,"name":"Shaded","section":"Shading Mode"},"sceneLighting":false,"audioPlay":false,"sceneViewState":{"m_AlwaysRefresh":false,"showFog":true,"showSkybox":false,"showFlares":true,"showImageEffects":true,"showParticleSystems":true,"showVisualEffectGraphs":true,"m_FxEnabled":true},"in2DMode":false,"pivot":{"x":-0.000003814697265625,"y":5.078736305236816,"z":4.76837158203125e-7},"rotation":{"x":-0.31313803791999819,"y":-0.0847552940249443,"z":0.02807772345840931,"w":-0.9455241560935974},"size":10.111852645874024,"orthographic":false}