{"cameraMode":{"drawMode":0,"name":"Shaded","section":"Shading Mode"},"sceneLighting":false,"audioPlay":false,"sceneViewState":{"m_AlwaysRefresh":false,"showFog":true,"showSkybox":false,"showFlares":true,"showImageEffects":true,"showParticleSystems":true,"showVisualEffectGraphs":true,"m_FxEnabled":true},"in2DMode":false,"pivot":{"x":0.4933958053588867,"y":-4.2866315841674809,"z":-0.33525046706199648},"rotation":{"x":-0.15140822529792787,"y":-0.8033257126808167,"z":0.23039866983890534,"w":-0.5279129147529602},"size":19.479116439819337,"orthographic":false}