{"cameraMode":{"drawMode":0,"name":"Shaded","section":"Shading Mode"},"sceneLighting":false,"audioPlay":false,"sceneViewState":{"m_AlwaysRefresh":false,"showFog":true,"showSkybox":false,"showFlares":true,"showImageEffects":true,"showParticleSystems":true,"showVisualEffectGraphs":true,"m_FxEnabled":true},"in2DMode":false,"pivot":{"x":0.23121307790279389,"y":1.4731409549713135,"z":-0.6326106786727905},"rotation":{"x":-0.012462315149605275,"y":-0.9687752723693848,"z":0.04974951967597008,"w":-0.24261851608753205},"size":0.7987105250358582,"orthographic":false}