{"cameraMode":{"drawMode":0,"name":"Shaded","section":"Shading Mode"},"sceneLighting":false,"audioPlay":false,"sceneViewState":{"m_AlwaysRefresh":false,"showFog":true,"showSkybox":false,"showFlares":true,"showImageEffects":true,"showParticleSystems":true,"showVisualEffectGraphs":true,"m_FxEnabled":true},"in2DMode":false,"pivot":{"x":2.5959997177124025,"y":2.6445679664611818,"z":2.155367851257324},"rotation":{"x":-0.042857684195041659,"y":-0.9566866159439087,"z":0.18777117133140565,"w":-0.21834765374660493},"size":13.11428165435791,"orthographic":false}