{"cameraMode":{"drawMode":0,"name":"Shaded","section":"Shading Mode"},"sceneLighting":false,"audioPlay":false,"sceneViewState":{"m_AlwaysRefresh":false,"showFog":true,"showSkybox":false,"showFlares":true,"showImageEffects":true,"showParticleSystems":true,"showVisualEffectGraphs":true,"m_FxEnabled":true},"in2DMode":false,"pivot":{"x":1.3712708950042725,"y":-3.4817490577697756,"z":0.05949738621711731},"rotation":{"x":-0.4239897131919861,"y":-0.13046953082084657,"z":0.06187088042497635,"w":-0.8940830230712891},"size":2.4594368934631349,"orthographic":false}