{"cameraMode":{"drawMode":0,"name":"Shaded","section":"Shading Mode"},"sceneLighting":false,"audioPlay":false,"sceneViewState":{"m_AlwaysRefresh":false,"showFog":true,"showSkybox":false,"showFlares":true,"showImageEffects":true,"showParticleSystems":true,"showVisualEffectGraphs":true,"m_FxEnabled":true},"in2DMode":false,"pivot":{"x":-2.6763739585876467,"y":2.2385268211364748,"z":0.6303402781486511},"rotation":{"x":-0.07070799916982651,"y":0.7178190350532532,"z":-0.07369711995124817,"w":-0.6887004375457764},"size":3.3282723426818849,"orthographic":false}