{"cameraMode":{"drawMode":0,"name":"Shaded","section":"Shading Mode"},"sceneLighting":false,"audioPlay":false,"sceneViewState":{"m_AlwaysRefresh":false,"showFog":true,"showSkybox":false,"showFlares":true,"showImageEffects":true,"showParticleSystems":true,"showVisualEffectGraphs":true,"m_FxEnabled":true},"in2DMode":false,"pivot":{"x":-0.21875755488872529,"y":2.0951404571533205,"z":0.03769515082240105},"rotation":{"x":-0.3378062844276428,"y":0.4309583008289337,"z":-0.17806018888950349,"w":-0.8175921440124512},"size":2.0098483562469484,"orthographic":false}