{"cameraMode":{"drawMode":0,"name":"Shaded","section":"Shading Mode"},"sceneLighting":false,"audioPlay":false,"sceneViewState":{"m_AlwaysRefresh":false,"showFog":true,"showSkybox":false,"showFlares":true,"showImageEffects":true,"showParticleSystems":true,"showVisualEffectGraphs":true,"m_FxEnabled":true},"in2DMode":false,"pivot":{"x":-0.0000057220458984375,"y":0.23426830768585206,"z":0.0000152587890625},"rotation":{"x":-0.37473511695861819,"y":-0.4756554067134857,"z":0.23436729609966279,"w":-0.7605369091033936},"size":5.657174110412598,"orthographic":false}