{"cameraMode":{"drawMode":0,"name":"Shaded","section":"Shading Mode"},"sceneLighting":false,"audioPlay":false,"sceneViewState":{"m_AlwaysRefresh":false,"showFog":true,"showSkybox":false,"showFlares":true,"showImageEffects":true,"showParticleSystems":true,"showVisualEffectGraphs":true,"m_FxEnabled":true},"in2DMode":false,"pivot":{"x":0.001855611801147461,"y":1.7037246227264405,"z":0.02023470401763916},"rotation":{"x":-0.05184222012758255,"y":0.9072245359420776,"z":-0.40059077739715578,"w":-0.11740807443857193},"size":1.0963761806488038,"orthographic":false}