{"cameraMode":{"drawMode":0,"name":"Shaded","section":"Shading Mode"},"sceneLighting":false,"audioPlay":false,"sceneViewState":{"m_AlwaysRefresh":false,"showFog":true,"showSkybox":false,"showFlares":true,"showImageEffects":true,"showParticleSystems":true,"showVisualEffectGraphs":true,"m_FxEnabled":true},"in2DMode":false,"pivot":{"x":0.0037822723388671877,"y":2.025236129760742,"z":-0.2997753620147705},"rotation":{"x":-0.043366048485040668,"y":0.9558402299880981,"z":-0.18462994694709779,"w":-0.224507674574852},"size":3.65995454788208,"orthographic":false}