{"cameraMode":{"drawMode":0,"name":"Shaded","section":"Shading Mode"},"sceneLighting":false,"audioPlay":false,"sceneViewState":{"m_AlwaysRefresh":false,"showFog":true,"showSkybox":false,"showFlares":true,"showImageEffects":true,"showParticleSystems":true,"showVisualEffectGraphs":true,"m_FxEnabled":true},"in2DMode":false,"pivot":{"x":-1.9626171588897706,"y":-3.124678611755371,"z":1.652441143989563},"rotation":{"x":-0.9506044983863831,"y":0.014911165460944176,"z":-0.04623308405280113,"w":-0.30658823251724245},"size":12.969913482666016,"orthographic":false}