{"cameraMode":{"drawMode":0,"name":"Shaded","section":"Shading Mode"},"sceneLighting":false,"audioPlay":false,"sceneViewState":{"m_AlwaysRefresh":false,"showFog":true,"showSkybox":false,"showFlares":true,"showImageEffects":true,"showParticleSystems":true,"showVisualEffectGraphs":true,"m_FxEnabled":true},"in2DMode":false,"pivot":{"x":-0.9631592035293579,"y":1.8365727663040162,"z":0.7612067461013794},"rotation":{"x":-0.03619781509041786,"y":-0.7441550493240356,"z":0.04045259952545166,"w":-0.6658130884170532},"size":1.4465638399124146,"orthographic":false}