{"cameraMode":{"drawMode":0,"name":"Shaded","section":"Shading Mode"},"sceneLighting":false,"audioPlay":false,"sceneViewState":{"m_AlwaysRefresh":false,"showFog":true,"showSkybox":false,"showFlares":true,"showImageEffects":true,"showParticleSystems":true,"showVisualEffectGraphs":true,"m_FxEnabled":true},"in2DMode":false,"pivot":{"x":3.0446853637695314,"y":-14.916651725769043,"z":3.6845169067382814},"rotation":{"x":-0.06838233768939972,"y":0.9276254177093506,"z":-0.21114887297153474,"w":-0.30041930079460146},"size":74.48719787597656,"orthographic":false}