{"cameraMode":{"drawMode":0,"name":"Shaded","section":"Shading Mode"},"sceneLighting":false,"audioPlay":false,"sceneViewState":{"m_AlwaysRefresh":false,"showFog":true,"showSkybox":false,"showFlares":true,"showImageEffects":true,"showParticleSystems":true,"showVisualEffectGraphs":true,"m_FxEnabled":true},"in2DMode":false,"pivot":{"x":0.2646893560886383,"y":0.2026902139186859,"z":-8.15796184539795},"rotation":{"x":-0.0029705134220421316,"y":-0.9933024644851685,"z":0.11253206431865692,"w":-0.026223843917250634},"size":5.554258823394775,"orthographic":false}