{"cameraMode":{"drawMode":0,"name":"Shaded","section":"Shading Mode"},"sceneLighting":false,"audioPlay":false,"sceneViewState":{"m_AlwaysRefresh":false,"showFog":true,"showSkybox":false,"showFlares":true,"showImageEffects":true,"showParticleSystems":true,"showVisualEffectGraphs":true,"m_FxEnabled":true},"in2DMode":false,"pivot":{"x":199.88661193847657,"y":96.33145904541016,"z":114.19119262695313},"rotation":{"x":-0.06838233768939972,"y":0.9276254177093506,"z":-0.21114887297153474,"w":-0.30041930079460146},"size":57.126346588134769,"orthographic":false}