{"cameraMode":{"drawMode":0,"name":"Shaded","section":"Shading Mode"},"sceneLighting":false,"audioPlay":false,"sceneViewState":{"m_AlwaysRefresh":false,"showFog":true,"showSkybox":false,"showFlares":true,"showImageEffects":true,"showParticleSystems":true,"showVisualEffectGraphs":true,"m_FxEnabled":true},"in2DMode":false,"pivot":{"x":0.0004898309707641602,"y":1.6209330558776856,"z":-0.6449358463287354},"rotation":{"x":-0.13692660629749299,"y":0.8220603466033936,"z":-0.22248394787311555,"w":-0.5059332251548767},"size":3.8766748905181886,"orthographic":false}