{"cameraMode":{"drawMode":0,"name":"Shaded","section":"Shading Mode"},"sceneLighting":false,"audioPlay":false,"sceneViewState":{"m_AlwaysRefresh":false,"showFog":true,"showSkybox":false,"showFlares":true,"showImageEffects":true,"showParticleSystems":true,"showVisualEffectGraphs":true,"m_FxEnabled":true},"in2DMode":false,"pivot":{"x":0.10266619920730591,"y":0.9468476176261902,"z":-0.07387161254882813},"rotation":{"x":-0.3303509056568146,"y":0.1871323138475418,"z":-0.06699896603822708,"w":-0.9226921796798706},"size":1.7258284091949463,"orthographic":false}