{"cameraMode":{"drawMode":0,"name":"Shaded","section":"Shading Mode"},"sceneLighting":false,"audioPlay":false,"sceneViewState":{"m_AlwaysRefresh":false,"showFog":true,"showSkybox":false,"showFlares":true,"showImageEffects":true,"showParticleSystems":true,"showVisualEffectGraphs":true,"m_FxEnabled":true},"in2DMode":false,"pivot":{"x":0.12444019317626953,"y":-1.1005077362060547,"z":0.0019446611404418946},"rotation":{"x":-0.157649964094162,"y":0.1099558100104332,"z":-0.017666716128587724,"w":-0.9811967611312866},"size":11.14932632446289,"orthographic":false}