{"cameraMode":{"drawMode":0,"name":"Shaded","section":"Shading Mode"},"sceneLighting":false,"audioPlay":false,"sceneViewState":{"m_AlwaysRefresh":false,"showFog":true,"showSkybox":false,"showFlares":true,"showImageEffects":true,"showParticleSystems":true,"showVisualEffectGraphs":true,"m_FxEnabled":true},"in2DMode":false,"pivot":{"x":-0.0000026226043701171877,"y":0.8434789776802063,"z":-0.05814218521118164},"rotation":{"x":-0.0009368151659145951,"y":-0.9848420023918152,"z":0.1734270453453064,"w":-0.005308099556714296},"size":1.4193469285964966,"orthographic":false}