{"cameraMode":{"drawMode":0,"name":"Shaded","section":"Shading Mode"},"sceneLighting":false,"audioPlay":false,"sceneViewState":{"m_AlwaysRefresh":false,"showFog":true,"showSkybox":false,"showFlares":true,"showImageEffects":true,"showParticleSystems":true,"showVisualEffectGraphs":true,"m_FxEnabled":true},"in2DMode":false,"pivot":{"x":5.830548286437988,"y":-0.9087865352630615,"z":-16.272554397583009},"rotation":{"x":-0.0019485973753035069,"y":-0.9874153137207031,"z":0.01215430162847042,"w":-0.1577199399471283},"size":16.801712036132814,"orthographic":false}