{"cameraMode":{"drawMode":0,"name":"Shaded","section":"Shading Mode"},"sceneLighting":false,"audioPlay":false,"sceneViewState":{"m_AlwaysRefresh":false,"showFog":true,"showSkybox":false,"showFlares":true,"showImageEffects":true,"showParticleSystems":true,"showVisualEffectGraphs":true,"m_FxEnabled":true},"in2DMode":false,"pivot":{"x":0.31284451484680178,"y":-4.2126946449279789,"z":0.5877188444137573},"rotation":{"x":0.16597017645835877,"y":0.028408827260136606,"z":-0.004784641321748495,"w":0.9857277274131775},"size":6.670304775238037,"orthographic":false}