{"cameraMode":{"drawMode":0,"name":"Shaded","section":"Shading Mode"},"sceneLighting":false,"audioPlay":false,"sceneViewState":{"m_AlwaysRefresh":false,"showFog":true,"showSkybox":false,"showFlares":true,"showImageEffects":true,"showParticleSystems":true,"showVisualEffectGraphs":true,"m_FxEnabled":true},"in2DMode":false,"pivot":{"x":0.10797154903411865,"y":0.3165205717086792,"z":0.5171847343444824},"rotation":{"x":-0.07111617922782898,"y":0.9288219809532166,"z":-0.2513779103755951,"w":-0.26276689767837527},"size":5.163061618804932,"orthographic":false}