{"cameraMode":{"drawMode":0,"name":"Shaded","section":"Shading Mode"},"sceneLighting":false,"audioPlay":false,"sceneViewState":{"m_AlwaysRefresh":false,"showFog":true,"showSkybox":false,"showFlares":true,"showImageEffects":true,"showParticleSystems":true,"showVisualEffectGraphs":true,"m_FxEnabled":true},"in2DMode":false,"pivot":{"x":-2.1674935817718508,"y":3.374965190887451,"z":1.0625133514404297},"rotation":{"x":-0.0021064344327896835,"y":0.771435558795929,"z":-0.0025529845152050258,"w":-0.636302649974823},"size":4.167172431945801,"orthographic":false}