{"cameraMode":{"drawMode":0,"name":"Shaded","section":"Shading Mode"},"sceneLighting":false,"audioPlay":false,"sceneViewState":{"m_AlwaysRefresh":false,"showFog":true,"showSkybox":false,"showFlares":true,"showImageEffects":true,"showParticleSystems":true,"showVisualEffectGraphs":true,"m_FxEnabled":true},"in2DMode":false,"pivot":{"x":4.76837158203125e-7,"y":1.3508810997009278,"z":0.000003814697265625},"rotation":{"x":-0.042857684195041659,"y":-0.9566866159439087,"z":0.18777117133140565,"w":-0.21834765374660493},"size":4.222964286804199,"orthographic":false}