{"cameraMode":{"drawMode":0,"name":"Shaded","section":"Shading Mode"},"sceneLighting":false,"audioPlay":false,"sceneViewState":{"m_AlwaysRefresh":false,"showFog":true,"showSkybox":false,"showFlares":true,"showImageEffects":true,"showParticleSystems":true,"showVisualEffectGraphs":true,"m_FxEnabled":true},"in2DMode":false,"pivot":{"x":-0.14279276132583619,"y":1.3916735649108887,"z":-0.03177645057439804},"rotation":{"x":-0.05184222012758255,"y":0.9072245359420776,"z":-0.40059077739715578,"w":-0.11740807443857193},"size":1.727076768875122,"orthographic":false}