{"cameraMode":{"drawMode":0,"name":"Shaded","section":"Shading Mode"},"sceneLighting":false,"audioPlay":false,"sceneViewState":{"m_AlwaysRefresh":false,"showFog":true,"showSkybox":false,"showFlares":true,"showImageEffects":true,"showParticleSystems":true,"showVisualEffectGraphs":true,"m_FxEnabled":true},"in2DMode":false,"pivot":{"x":-1.2305946350097657,"y":0.5091869235038757,"z":-1.5877426862716675},"rotation":{"x":0.027370022609829904,"y":-0.9726369380950928,"z":0.16376690566539765,"w":0.162567600607872},"size":4.074013710021973,"orthographic":false}