{"cameraMode":{"drawMode":0,"name":"Shaded","section":"Shading Mode"},"sceneLighting":false,"audioPlay":false,"sceneViewState":{"m_AlwaysRefresh":false,"showFog":true,"showSkybox":false,"showFlares":true,"showImageEffects":true,"showParticleSystems":true,"showVisualEffectGraphs":true,"m_FxEnabled":true},"in2DMode":false,"pivot":{"x":2.7042880058288576,"y":0.9895195960998535,"z":2.769096612930298},"rotation":{"x":-0.5084394812583923,"y":0.15502510964870454,"z":-0.09361271560192108,"w":-0.8418668508529663},"size":3.7710976600646974,"orthographic":false}