{"cameraMode":{"drawMode":0,"name":"Shaded","section":"Shading Mode"},"sceneLighting":false,"audioPlay":false,"sceneViewState":{"m_AlwaysRefresh":false,"showFog":true,"showSkybox":false,"showFlares":true,"showImageEffects":true,"showParticleSystems":true,"showVisualEffectGraphs":true,"m_FxEnabled":true},"in2DMode":false,"pivot":{"x":-0.0009797215461730958,"y":0.716069221496582,"z":0.00791865587234497},"rotation":{"x":-0.3303509056568146,"y":0.1871323138475418,"z":-0.06699896603822708,"w":-0.9226921796798706},"size":1.5012664794921876,"orthographic":false}