{"cameraMode":{"drawMode":0,"name":"Shaded","section":"Shading Mode"},"sceneLighting":false,"audioPlay":false,"sceneViewState":{"m_AlwaysRefresh":false,"showFog":true,"showSkybox":false,"showFlares":true,"showImageEffects":true,"showParticleSystems":true,"showVisualEffectGraphs":true,"m_FxEnabled":true},"in2DMode":false,"pivot":{"x":-0.000015020370483398438,"y":7.242597579956055,"z":0.5273561477661133},"rotation":{"x":-0.042857684195041659,"y":-0.9566866159439087,"z":0.18777117133140565,"w":-0.21834765374660493},"size":12.63066577911377,"orthographic":false}