{"cameraMode":{"drawMode":0,"name":"Shaded","section":"Shading Mode"},"sceneLighting":false,"audioPlay":false,"sceneViewState":{"m_AlwaysRefresh":false,"showFog":true,"showSkybox":false,"showFlares":true,"showImageEffects":true,"showParticleSystems":true,"showVisualEffectGraphs":true,"m_FxEnabled":true},"in2DMode":false,"pivot":{"x":0.5600645542144775,"y":0.8408816456794739,"z":-0.5165293216705322},"rotation":{"x":0.013503680936992169,"y":0.9846978783607483,"z":-0.14913463592529298,"w":0.08916255831718445},"size":2.840773344039917,"orthographic":false}