{"cameraMode":{"drawMode":0,"name":"Shaded","section":"Shading Mode"},"sceneLighting":false,"audioPlay":false,"sceneViewState":{"m_AlwaysRefresh":false,"showFog":true,"showSkybox":false,"showFlares":true,"showImageEffects":true,"showParticleSystems":true,"showVisualEffectGraphs":true,"m_FxEnabled":true},"in2DMode":false,"pivot":{"x":-0.7770466804504395,"y":2.4536283016204836,"z":0.3543693721294403},"rotation":{"x":-0.007535501848906279,"y":0.8379148840904236,"z":-0.011572263203561306,"w":-0.5456274151802063},"size":1.2928863763809205,"orthographic":false}