{"cameraMode":{"drawMode":0,"name":"Shaded","section":"Shading Mode"},"sceneLighting":false,"audioPlay":false,"sceneViewState":{"m_AlwaysRefresh":false,"showFog":true,"showSkybox":false,"showFlares":true,"showImageEffects":true,"showParticleSystems":true,"showVisualEffectGraphs":true,"m_FxEnabled":true},"in2DMode":false,"pivot":{"x":-0.6746465563774109,"y":0.6524310111999512,"z":0.16259773075580598},"rotation":{"x":-0.04254484176635742,"y":0.7523971796035767,"z":-0.04883034527301788,"w":-0.6555219888687134},"size":1.7346067428588868,"orthographic":false}