{"cameraMode":{"drawMode":0,"name":"Shaded","section":"Shading Mode"},"sceneLighting":false,"audioPlay":false,"sceneViewState":{"m_AlwaysRefresh":false,"showFog":true,"showSkybox":false,"showFlares":true,"showImageEffects":true,"showParticleSystems":true,"showVisualEffectGraphs":true,"m_FxEnabled":true},"in2DMode":false,"pivot":{"x":-9.5367431640625e-7,"y":0.2823708653450012,"z":0.000003814697265625},"rotation":{"x":-0.37473511695861819,"y":-0.4756554067134857,"z":0.23436729609966279,"w":-0.7605369091033936},"size":10.407257080078125,"orthographic":false}