{"cameraMode":{"drawMode":0,"name":"Shaded","section":"Shading Mode"},"sceneLighting":false,"audioPlay":false,"sceneViewState":{"m_AlwaysRefresh":false,"showFog":true,"showSkybox":false,"showFlares":true,"showImageEffects":true,"showParticleSystems":true,"showVisualEffectGraphs":true,"m_FxEnabled":true},"in2DMode":false,"pivot":{"x":0.07344436645507813,"y":-8.550372123718262,"z":-1.4527454376220704},"rotation":{"x":-0.06838233768939972,"y":0.9276254177093506,"z":-0.21114887297153474,"w":-0.30041930079460146},"size":83.18812561035156,"orthographic":false}